id,Label
0,xxbryannaxx
1,lastbohemians
2,WilliamsJon
3,mm_racing
4,aleisiag
5,ElvisDazougou
6,KB_Acquaisie
7,dhuman
8,508happi
9,seb56thbnll
10,JoiaMukherjee
11,MrAyeDee
12,BradJobling
13,marinamacorig
14,KDSilva03
15,Ivoirtvnet
16,RuthMalhotra
17,CBW059
18,GuappAMP
19,kate_eardley
20,AdamsFantasy
21,krollz88
22,MalikyDeeky
23,SparksRich
24,yejnes
25,Emscott623
26,lexisb
27,luis_quevedo
28,selfloveLotus_
29,nygee973
30,atesetmemayk
31,atrain13
32,wnknisely
33,StevenAveson
34,kkidia
35,WMsDiary
36,Justustalking2
37,jmolinet
38,NJMetsRon
39,santooch93
40,GratsComin
41,marcsinoway
42,ThebullJ
43,mbebinger
44,TCRearick
45,catcell
46,stevenburg
47,substockman
48,JWLevitt
49,4_PointOwen
50,meowlickss
51,slupkin
52,ThisWeekABC
53,Dietchspeak
54,drshnpatel
55,tinalemo_
56,Laurie_Garrett
57,schweinoid
58,ilovelomby
59,JCPolancoNYC
60,Ghanaian_ice
61,RickTufts
62,ecinqmars
63,jessicastav
64,KylieLew1s
65,JoshuaHoyos
66,SaideJujube
67,DailyLuca
68,Playboysully
69,Tenybaca
70,fallriver44
71,tiahatesithere
72,MrTrevonMoore
73,dorseyshaw
74,Darryl114
75,justdeezGH
76,babzowski
77,trentondaniel
78,ki___a___
79,McChickenMonkey
80,hilaryjeverist
81,Miticale
82,Poni_Boy
83,medicus_christi
84,jflier
85,bell_strong
86,BugLabID
87,MsSelenaHill
88,dbosleyjr
89,zosilv
90,nnecitaa
91,Chig_Brown
92,sannii_fawaz
93,Lms73Lynn
94,jusscallmejuju
95,_ashleymarieex0
96,uSSif_t
97,CELSOMIGUEL
98,mike_senese
99,miamabanta
100,notnormcore
101,WillValenti
102,KyleKayBrown
103,K_Pullano
104,Covenant___
105,RoyCohen
106,laPetiteNomade
107,arielpehez
108,ShonePatrol
109,YankeeMegs
110,doseofmuva
111,cardenaldem
112,RicoDaGawd
113,cnurys
114,beccareca
115,lindsbeckwith
116,TheKyleHardy
117,selah1914
118,johnmac13
119,originalspin
120,RaineySharon
121,MDCSpace
122,ashleylordz
123,BitchesPUHleez
124,KristopheDiaz
125,10queues
126,YvesGebhardt
127,MeghanNosal
128,MikesCorduroys
129,ChocnessMonsta
130,jamiebarosa
131,AnBress
132,CarlaMarie1987
133,lw1038
134,MrTomCatt
135,nicolealamonica
136,LuisOrozko
137,DarianDarling
138,_SoftNotCrunchy
139,rossheiney
140,rosa_mystica
141,Cairo67Unedited
142,ChipsyStryder
143,fercarpenyc
144,Jorge6501a
145,gcpvd
146,bx_steve
147,brittneythebee
148,JillianRoslyn
149,mansourality
150,emmaennis3
151,zaneiscoolin
152,Jack_theKERNal
153,MessJorin
154,DrinkSumJuiice
155,nikkimae__
156,MondoTwisto
157,MacMandrew
158,CamTurno
159,shawny_strolls
160,jotalogp
161,NewDay
162,danielleiat
163,LuisSanch3z
164,retiredfirstsgt
165,milagrosx0
166,pettyintrigues
167,babylashus
168,VanessaAReports
169,MidgetBridgetx
170,hiyahheek
171,smitty1423
172,runnerskitchen
173,JesseLaGreca
174,richardroeper
175,alex_der23
176,_kellydolan_
177,carolleisa
178,dylanletendre
179,MundaneTragedy
180,tedbunny_
181,becca_wo
182,LeeJenniferlee6
183,Ayy_Duro
184,ryanWneal
185,TRIPSIXXONEAL
186,Cactus_Pat
187,binarycool
188,EdKaz
189,gf_layne
190,shoffmania
191,TheyCallMeDaymz
192,GiantSweetTart
193,Boston_CP
194,primesilver
195,WhatJef
196,DrRichBesser
197,EfuaPurple
198,JrMedic76
199,kianakonders
200,Sarcasm24Seven
201,Ian_flair
202,mayorpapik
203,crayton_h
204,aidenmtl
205,deborahsrhodes
206,gfunkdave
207,PaulFerro
208,jhuts156
209,BraysPain
210,KMJeezy
211,DoctaNYC
212,sheheldon_
213,fwflacko
214,faberino
215,LEClarkk
216,TimFleischer7
217,TheBeriness
218,alexromano
219,ctyankee1975
220,CityHallComedy
221,LynnFisherHill
222,bkajubi
223,_vvhit
224,bsnsunny
225,mrpouncey
226,willistonedeaf
227,ECGeier
228,brithume
229,BenjaminBell
230,Beansessler
231,tyrellxavier
232,HeatherChilders
233,inac88
234,KevinCullen67
235,Nick10945
236,Social_Chef
237,ashleyxyzwtf
238,lolitapop9
239,PazMolina
240,SmashDawg
241,powelldennis
242,desari
243,BarbaraP1958
244,Mania715
245,RyJetNet
246,robbiez
247,11b2p
248,morganoliveira1
249,The_Fellon
250,oaaigbe
251,retiredmedicwtc
252,naliyalavonne
253,GoziemO
254,yayuseltigre201
255,kennagq
256,KalliKalliKalli
257,lukeglaude
258,ChloeVTweets
259,StartupChicksNY
260,AKissFromDaddy
261,togEvita
262,aezanayohannes
263,roger_arnold
264,Fromariyo
265,anubisbrutus
266,chichiamaka
267,al_greez
268,KgiardenKaren
269,kendalllaw
270,Soyboricua
271,jeffreyswife87
272,globalgyno
273,WSeanHolland
274,June_theMonth
275,PagingDrDylan
276,igormorr
277,JasmyneEmmerick
278,eLevateThrasher
279,James_Quigley
280,Kwadwo228
281,hlehrs
282,dcanidae
283,JoDrew212
284,davidjmciver
285,rossee_p
286,NYCPhotoUES
287,OlkerPhoto
288,ScottEPond
289,menghe
290,thorisalaptop
291,rodgriola
292,anniestow
293,CharlesEdBrown
294,cmidnightsky
295,alexgo079
296,busra_erkara
297,emptybamboogirl
298,chajax
299,BadNewsBenjamin
300,trubadman187
301,mccarthy_9
302,WexlerRules
303,megazone
304,GrandpaGam3r
305,Johnny5er
306,YhapAttack
307,charlesrockhill
308,lniedbala
309,KRoumimper
310,MedicalBrief
311,ShogunPaz
312,dw
313,sonsgoind1
314,gabbyherreralim
315,Chiviz68
316,Nacosauce
317,Ameera_RE
318,Jonviea
319,NickInTheAir
320,funboxmonster
321,mynameisalicia
322,MikeMoschetto
323,enoogs
324,jorge0123
325,GianLaVecchia
326,JHPepper
327,MsTriciaD
328,Maarryannee
329,stefoshea
330,whyamisoawk
331,mjgumb
332,thriftstorecats
333,iamchrisbarlow
334,RichardConniff
335,donalddoukas
336,alizya2
337,simonsaybrams
338,vendaval
339,imeechan
340,flyingfeces
341,zachdrecks
342,FEAR_MY_HUSTLE
343,KweenChi_
344,mondeparfait
345,ERINJEEN
346,savinhillian
347,jewdithhh
348,CaptainCalliope
349,mrgoody_2_shoes
350,theroomatRSR
351,chriscoletm
352,ObamaGargles:
353,BBC:
354,DrRichardBesser
355,Carolynyjohnson
356,NBCNewsHealth:
357,Iam_Spountik:
358,UKenyatta
359,ImThatGentleman
360,YvonneKhamati
361,JDMahama
362,KagutaMuseveni
363,WilliamsRuto
364,AMB_A_Mohammed
365,toprahquotes
366,MarthaKarua
367,DrAlfredMutua
368,NewYorker
369,JennieTaughtYou
370,TheHolyKuran:
371,WellbodySL
372,lastmilehealth
373,WSJ:
374,DouglasCrets
375,Corriereit
376,Max_Fisher
377,EbolaAlert
378,Franklin_Graham
379,Kpakpatoya
380,DRUDGE_REPORT
381,Kamal10_:
382,WHO:
383,YahooNewsDigest.
384,lauren_keough
385,HuffingtonPost:
386,justbrad09:
387,patwarren1222
388,TweetOfGod
389,realDonaldTrump
390,cnnbrk
391,Jwood518:
392,nytimes
393,CstNTN24
394,StaceyHashh:
395,NaomiMichell_
396,BeWellBoston:
397,CNN:
398,cnnbrk:
399,EmoryUniversity
400,NECN
401,BradenONeill
402,WHO
403,nytimes:
404,YahooNews
405,ABC:
406,weatheredt0wn
407,MitchellRockXXX:
408,TheKenyanPost...so
409,HealthyBoston
410,Oddy4real
411,HealthNG
412,cgpgrey
413,BradyHaran
414,samantavillar
415,Goyojimenez
416,njdotcom
417,VivianHo:
418,SF_Simpleton
419,ndiblasio
420,CDCemergency
421,Brilliant_Ads:
422,Nonstop0707
423,elnathan
424,fidelisMbah
425,ABC
426,ABCNewsRadio:
427,russian_market:
428,freelunchbob:
429,MSF
430,classicnatan
431,HealthyLiving
432,monrovian_queen
433,MiIutin
434,perfectskones:
435,Chiiief:
436,gUd_Khid:
437,Sleep_Goddess
438,washingtonpost:
439,Juuuiiccee
440,CedricColbert
441,lizanthonyy
442,AFP:
443,cnni
444,jbmoore6400
445,hoss_p
446,EcoHealthNYC!
447,NIHDirector
448,HHSGov
449,UWMedicine
450,PattyMurray
451,Izzle_Gunplay
452,c0ckeater:
453,LilTunechi
454,JamesDeen:
455,AJAM
456,MattBinder
457,feministabulous
458,GovChristie
459,garyalsmith:
460,itashiuchiwa
461,AP)
462,Reuters:
463,UN
464,UNDP
465,BarackObama
466,lloppy1
467,xxkiernanx:
468,tracyrose35
469,
470,ASamanthaRae
471,DrFriedenCDC
472,martinenserink:
473,NewsfromScience
474,ASAPkobster
475,BloombergNews:
476,jeremyyoude
477,BeHeard_Radio.
478,AP
479,healthmap
480,MountSinaiNYC
481,NYDailyNews
482,JAMA_current
483,captain_imaz:
484,showmeyourdoobs
485,Marleek__:
486,Ayeeshah_:
487,Marleek__
488,Newsweek:
489,pinklikevs21
490,AyeDrug:
491,CDCgov
492,IAmLaolu:
493,KaddyDelasie:
494,Cut_de_crap:
495,IngMorrison
496,brettshep43
497,zacbabs95
498,sinoceros:
499,jordanfusco
500,tperran
501,TODAYshow
502,fucknature
503,Alp7ne
504,n6tive
505,killsellf
506,aud24xo
507,_tylerr813
508,nelson_f85
509,_DTFreestyle
510,HuffPostLive:
511,AnnCoulter
512,HoraciovTN:
513,Telenoticiasrd...”
514,missdavies_
515,Jay_DBN
516,pahowho:
517,el_pais:
518,bienvenidorv
519,fucktyler:
520,Jillayyyy
521,ZACHARYSPENCER_
522,CNNEE:
523,felixvictorino
524,laluzjose
525,CrowleyTIME:
526,JonEasley:
527,FordVox
528,Salon
529,onswipe
530,RepChrisSmith
531,cnn
532,camanpour:
533,ActualidadRT
534,_amandaisabella:
535,kittyashleyyy:
536,KimKing27611038
537,butoday:
538,francetim:
539,"Federation""MT"
540,GOPTeens:
541,mannmichael94
542,iracemtb
543,hen_ease
544,deezer234
545,butoday
546,sararimer
547,ilanisms
548,jennaalima:
549,drsanjaygupta
550,LidePLide
551,DrSapnaABC7:
552,ABC7NY”.
553,DCN829
554,nypost:
555,Slam_borghini
556,Brokelyn:
557,…
558,TWiLMadeiT:
559,CBSHealth:
560,YahooNews:
561,JoeTalkShow
562,midasnonso:
563,Abnormal_pikin:
564,NY1noticias:
565,u6o
566,Edelbraun_
567,MarthaQuiroga2
568,Doctor_Fausto
569,jencoleslaw
570,eniedowski
571,wjdennen
572,markkyymarkkk:
573,tjholmes:
574,KFCBarstool
575,SaudiMOH:
576,aJILLIANbux
577,nuteIla:
578,drhouse
579,hughlaurie
580,beckyymorgan
581,dannielle_reid
582,k3vincacela
583,LilAngyB
584,bautizzle
585,mountsinainyc
586,NYMag:
587,FortuneMagazine
588,MOTOProbs:
589,cscott9422
590,Jakileid190:
591,JuanManSantos
592,McKenzieCNN
593,WaPoThing
594,MichaelaCNN
595,DrPhil
596,drdrew
597,AC360
598,CNN
599,jaketapper
600,barbarastarrcnn
601,JayandSteve
602,Salem4Obama
603,MartaR__
604,NTN24Zoom
605,andrebernal26
606,billboard:
607,BasedNas:
608,AP_Sports:
609,ivhq
610,jcazss_
611,BlaiseDahl:
612,allybernstein3
613,Be_Br33zy
614,mbsthinks
615,Slate:
616,realDonaldTrump:
617,UberObvi:
618,zachstamant
619,DanicaCara
620,TheAtlantic:
621,thecyclemsnbc
622,smashingblouse7
623,MadAlix14
624,YunaraGunarso
625,Bunnygal833
626,Tymerica
627,naraxes
628,kaylammarr
629,CDC_NCEZID:
630,dcb97
631,Hilomikey
632,td_port
633,saimin
634,TVMarci:
635,DrFriedenCDC:
636,JoelAchenbach
637,CallMeMano:
638,AlinaRockChic
639,BIGw00d94
640,Purell
641,Pat120
642,juliaoftoronto
643,CNNImpact
644,Goat_Boy79
645,Sprkle:
646,today
647,necn
648,NBCNews:
649,GMA
650,NYboateng:
651,EfuaPurple:
652,"SharonRoseNews,"
653,jackie_ward
654,J_roy79:
655,TwanTargaryen:
656,via_Jolemy:
657,BasicBitching
658,Madame2paris
659,GameOfPop
660,DamienNk
661,LesNews
662,Therealkiss
663,SultanOfSolo:
664,smitty1423:
665,terrence_mccoy)
666,KevinFranck:
667,WesKnuckle
668,1958fury
669,shamblesmusic
670,Not1FuckisGiven:
671,vanillllabean:
672,msnbc:
673,NYSAnimal:
674,ABC7News:
675,Osi_Suave:
676,thebeachedboy:
677,tdaniadi
678,AP:
679,ABC7NY
680,undefined
681,DrLaPook
682,ferrifrump
683,NBCNews
684,BuzzFeed:
685,WSJNY:
686,ell_k
687,_slowdownsugar
688,tifffiny
689,GroverSteveland
690,Gothamist
691,jjenningswilmet:
692,DanaP3rin0
693,buttholequeen
694,tyszal
695,mpoppel:
696,ShepNewsTeam:
697,NYCTSubway
698,Breaking911:
699,Eric_Fig
700,TIME
701,NYScanner:
702,NYCityAlerts
703,PzFeed
704,PzFeed:
705,poopledrank
706,lanzajr26
707,micsolana
708,Deribb
709,Ceorhemz
710,MyFoxNY
711,Onuuha:
712,NewsRepublic
713,XANDVT
714,IamDjCalson:
715,MatthewTaub1
716,MiaFarrow:
717,RabbiWolpe:
718,BBCAfrica:
719,zenaidamz:
720,washingtonpost
721,UPMC_CHS:
722,WNYC
723,erikanoiles
724,Emilyjoyj
725,glenfmarshall
726,Politics_PR
727,CBSNews:
728,DoctorsWithoutB
729,BBCWorld:
730,NEJM:
731,PubHealthTalks:
732,MarkHarmel
733,CarolineLoweTV
734,talyahsands
735,worstall
736,GHhub
737,globalmedcore
738,ABOUTx99NINJAS
739,Reston?
740,brontyman
741,TIMEWorld
742,1butmafia:
743,sarpong228:
744,zerohedge:
745,shaaymyname
746,HelenBranswell
747,calebhell
748,_egypt_x33
749,NekoCase:
750,SoxObsessed1
751,Phish_Forum
752,Kali_Mura
753,scottsigler
754,SocialFlow's
755,OpenCoFestivals
756,robotnic
757,AbigailBassett
758,MarinkaNYC:
759,GailSimone
760,MichaelBlackson
761,whiteboysecrets
762,miteymegalosaur
763,collie_i
764,Leslied128
765,JazTheRapper.
766,FREDTHEGODSON
767,t_crawdaddy:
768,enosarris
769,zgryphon
770,Sapzz93
771,IrelandBBaldwin
772,frankxtwitchy
773,jfgil09
774,seancoachevers
775,denise_maccc
776,BloombergNews
777,BPerfection
778,ickle_tayto
779,NickWakaFlocka
780,SIMOUNarchy
781,Zay_Hermosa
782,STRELLITAALBA
783,EurekAlertAAAS:
784,bangladef
785,AuroraWest
786,epispider:
787,svenym
788,MikatheStripper
789,digitalmiss
790,utgjames:
791,LegendaryChild
792,butlikesrsly
793,LeeLeePotatoes
794,HarvardBiz
795,TheOnion:
796,ICT_magazine:
797,Ethane28
798,aud1130
799,marianan
800,MedicalNews:
801,julialynmarie:
802,J_P_silly
803,TVLineNews:
804,Myrmecos:
805,cee4life
806,parabasis
807,alexaandrite
808,bubbva
809,ant_varrone
810,LickyLickLash
811,RNelson14
812,_IKENNA_:
813,ComplexMorality:
814,timehugs
815,MafiaTom:
816,SaifQuadri
817,BigELangston
818,SarahKSilverman
819,krazyy_kris
820,_beechnut
821,amandacarpenter
822,ThatShaneBua
823,Ebony_Ethan
824,ltrain232
